Feature,mean_Gain,model
delta_daily_q,0.19067763762116421,5
log_daily_q,0.42808404850494286,5
mean_prior_monthly_q,0.24488408818029772,5
mean_prior_weekly_q,0.13635422569359518,5
